{"cameraMode":{"drawMode":0,"name":"Shaded","section":"Shading Mode"},"sceneLighting":true,"audioPlay":false,"sceneViewState":{"m_AlwaysRefresh":false,"showFog":true,"showSkybox":true,"showFlares":true,"showImageEffects":true,"showParticleSystems":true,"showVisualEffectGraphs":true,"m_FxEnabled":true},"in2DMode":false,"pivot":{"x":-3.573631763458252,"y":26.128368377685548,"z":-4.9200897216796879},"rotation":{"x":0.010022354312241078,"y":0.9651142954826355,"z":0.2590067684650421,"w":-0.03736968711018562},"size":409.3482360839844,"orthographic":false}